{"cameraMode":{"drawMode":0,"name":"Shaded","section":"Shading Mode"},"sceneLighting":true,"audioPlay":false,"sceneViewState":{"m_AlwaysRefresh":false,"showFog":true,"showSkybox":true,"showFlares":true,"showImageEffects":true,"showParticleSystems":true,"showVisualEffectGraphs":true,"m_FxEnabled":true},"in2DMode":false,"pivot":{"x":0.5098074674606323,"y":-2.0868163108825685,"z":11.455170631408692},"rotation":{"x":0.09166348725557327,"y":0.019412856549024583,"z":-0.0017897922080010176,"w":0.9956050515174866},"size":5.351410865783691,"orthographic":false}